code,name,open,high,low,close,volume,amount,MA_60,date,p_change
600680,上海普天,55.76,57.75,55.57,55.88,2444840.0,35522732.0,109.227758132,2017-05-08,95.4684290123
002207,准油股份,20.32,20.34,19.23,19.23,9918894.0,94436921.0,34.3319202039,2017-05-08,78.5331263854
601519,大智慧,11.43,11.78,11.43,11.52,15636525.0,62361874.0,19.5510879381,2017-05-08,69.714305018
600275,武昌鱼,20.61,21.52,20.36,21.41,17111562.0,125526010.0,36.1483289059,2017-05-08,68.8385282853
002490,山东墨龙,10.36,10.42,9.87,9.95,10190780.0,50038551.0,16.6594954109,2017-05-08,67.432114682
002299,圣农发展,28.72,28.72,26.92,26.98,22473552.0,302607936.0,45.1579163079,2017-05-08,67.3755237504
600112,天成控股,25.88,25.91,24.95,25.03,21903420.0,136991951.0,41.8931502679,2017-05-08,67.3717549656
002306,*ST云网,16.72,16.8,16.3,16.3,22721503.0,89099845.0,27.1336564262,2017-05-08,66.4641498538
000410,沈阳机床,21.77,21.77,20.82,20.82,16132946.0,117213692.0,34.6142504887,2017-05-08,66.2548054211
002234,民和股份,26.21,26.25,24.92,24.94,6380711.0,77795649.0,40.8579696075,2017-05-08,63.8250585708
600747,大连控股,45.5,45.5,44.07,44.07,35189145.0,98218539.0,71.2462615263,2017-05-08,61.6661255418
600538,国发股份,25.33,25.87,24.83,24.86,13032170.0,105567075.0,39.5336576088,2017-05-08,59.0251713949
300028,金亚科技,19.55,20.37,19.36,19.62,9033867.0,74558895.0,31.193327519,2017-05-08,58.9873981598
601106,中国一重,3.14,3.18,3.01,3.02,39460287.0,120054785.0,4.70480837258,2017-05-08,55.7883567078
600645,中源协和,453.66,465.03,451.13,451.76,10320973.0,224839397.0,699.334897627,2017-05-08,54.8023060092
002679,福建金森,23.75,24.27,21.95,22.06,3281760.0,74500457.0,33.7832464141,2017-05-08,53.1425494744
002458,益生股份,56.6,56.74,54.84,55.03,2627267.0,54068140.0,84.1088073355,2017-05-08,52.8417360267
300175,朗源股份,38.88,39.28,37.06,37.37,19482948.0,167859693.0,56.7275068659,2017-05-08,51.7995902217
600847,万里股份,29.85,29.86,28.58,28.58,3677009.0,56877263.0,42.7634508644,2017-05-08,49.6271898683
600083,博信股份,13.84,13.84,13.29,13.34,2055490.0,27970006.0,19.7132985292,2017-05-08,47.7758510435
603703,盛洋科技,50.3,50.98,49.52,50.02,2101853.0,41934282.0,73.7890395218,2017-05-08,47.519071415
002719,麦趣尔,34.67,34.67,31.23,31.33,1853563.0,60019097.0,46.1615071989,2017-05-08,47.3396335746
600855,航天长峰,33.71,34.1,32.34,32.51,7364775.0,152641857.0,47.7423649408,2017-05-08,46.8543984645
600149,廊坊发展,45.29,45.55,43.75,43.75,17321706.0,263262065.0,63.887667926,2017-05-08,46.0289552594
600767,运盛医疗,32.05,33.64,32.05,33.64,6884867.0,61101423.0,49.0816200589,2017-05-08,45.9025566554
002722,金轮股份,32.02,32.51,29.97,29.97,5859999.0,183143314.0,43.6592423191,2017-05-08,45.6764842147
200025,特  力Ｂ,11.96,12.25,11.96,12.19,40500.0,359824.0,17.7048492459,2017-05-08,45.2407649373
002746,仙坛股份,31.07,31.45,30.41,30.78,2014429.0,62340569.0,44.6088309894,2017-05-08,44.9279759239
600815,厦工股份,29.49,29.61,28.08,28.08,10346161.0,48269244.0,40.6801435222,2017-05-08,44.8723059907
300076,GQY视讯,67.97,72.44,65.65,68.96,12672391.0,105879168.0,99.8098707222,2017-05-08,44.7358914185
300449,汉邦高科,53.82,54.52,53.26,53.38,997535.0,26858657.0,77.1210382561,2017-05-08,44.4755306409
000595,宝塔实业,28.97,29.43,27.73,28.3,14746200.0,81314651.0,40.8331621402,2017-05-08,44.2867920147
000502,绿景控股,44.9,45.18,42.83,42.87,3305979.0,42253245.0,61.8113985419,2017-05-08,44.1833415953
600379,宝光股份,27.35,27.35,26.09,26.87,3580212.0,50020588.0,38.656791183,2017-05-08,43.865988772
600576,万好万家,33.92,34.65,33.26,33.68,10233346.0,114589999.0,48.4074857185,2017-05-08,43.7276891878
600107,美尔雅,28.35,29.25,27.6,28.22,4989197.0,55171996.0,40.4879830806,2017-05-08,43.4726544317
600476,湘邮科技,41.44,41.44,40.16,40.3,1887046.0,37670408.0,57.7658317776,2017-05-08,43.3395329468
300431,暴风科技,63.8,70.42,63.49,65.93,13437329.0,411945378.0,94.4503547782,2017-05-08,43.2585390235
002077,大港股份,17.12,17.12,16.25,16.4,1663074.0,18735704.0,23.4001989716,2017-05-08,42.6841400707
600084,中葡股份,54.3,55.14,50.0,50.0,25640305.0,191291892.0,71.2283974138,2017-05-08,42.4567948277
002193,山东如意,31.02,31.25,29.59,29.59,3034434.0,44970954.0,42.1501166614,2017-05-08,42.4471668177
300417,南华仪器,61.87,61.87,58.25,58.85,1414912.0,42493818.0,83.7070705959,2017-05-08,42.2380129072
000712,锦龙股份,210.7,215.1,202.81,202.94,27799594.0,450446833.0,288.341316128,2017-05-08,42.0820519012
601558,华锐风电,10.45,10.58,10.08,10.14,98513000.0,163186765.0,14.3975238331,2017-05-08,41.9874145272
600877,中国嘉陵,29.56,29.56,28.45,28.45,11420500.0,70371730.0,40.3814335977,2017-05-08,41.9382551766
600649,城投控股,233.87,233.87,222.46,223.48,26311349.0,296349914.0,315.128130454,2017-05-08,41.0095446812
300379,东方通,94.12,94.53,90.78,90.78,2760436.0,127286807.0,127.711255378,2017-05-08,40.6821495687
600506,香梨股份,23.54,23.54,22.27,22.3,2016942.0,34697862.0,31.3093263725,2017-05-08,40.4005666926
002052,同洲电子,48.36,48.84,47.2,48.15,7559409.0,53138281.0,67.5330144711,2017-05-08,40.2554817675
603088,宁波精达,35.44,36.02,34.98,35.25,911578.0,32202134.0,49.43135724,2017-05-08,40.2308006807
002667,鞍重股份,36.72,37.98,36.6,37.78,3515006.0,64758967.0,52.8418830113,2017-05-08,39.8673451861
002211,宏达新材,13.66,13.91,13.33,13.48,4369862.0,39112992.0,18.778541702,2017-05-08,39.3066891843
000678,襄阳轴承,42.21,42.3,37.98,37.98,5345674.0,48349313.0,52.8730039287,2017-05-08,39.2127538934
300402,宝色股份,18.53,18.55,17.25,17.55,3122480.0,56120657.0,24.4134932234,2017-05-08,39.1082234952
000607,华媒控股,28.18,28.48,28.03,28.22,5060695.0,38321833.0,39.2236953241,2017-05-08,38.9925418998
600730,中国高科,50.19,50.19,46.25,46.85,15104343.0,135839783.0,65.0519903755,2017-05-08,38.8516336724
002248,华东数控,17.04,17.04,17.04,17.04,135600.0,1139040.0,23.6585804962,2017-05-08,38.8414348367
300392,腾信股份,83.68,87.72,83.08,86.09,5820515.0,83556944.0,119.409037932,2017-05-08,38.7025646792
300221,银禧科技,54.12,54.62,51.68,52.76,5012918.0,64722520.0,73.0307765695,2017-05-08,38.4207289036
002660,茂硕电源,26.37,26.37,25.29,25.31,4000532.0,38788242.0,34.9675028453,2017-05-08,38.1568662397
603558,健盛集团,62.53,62.53,60.32,60.47,5277604.0,84716954.0,83.4515816246,2017-05-08,38.0049307502
300191,潜能恒信,99.01,100.23,92.0,93.14,2585461.0,61580678.0,128.521714454,2017-05-08,37.9876685146
002546,新联电子,55.98,56.26,54.41,54.41,7923958.0,47101172.0,74.9609551189,2017-05-08,37.7705479119
600759,洲际油气,26.99,26.99,26.1,26.5,28234665.0,167661654.0,36.4271528332,2017-05-08,37.4609540874
300023,宝德股份,49.05,49.61,47.69,48.25,1652395.0,21354798.0,66.2735313457,2017-05-08,37.3544691103
000670,盈方微,62.81,62.91,59.87,60.08,10137488.0,59209936.0,82.4045945127,2017-05-08,37.15811337
000819,岳阳兴长,137.13,139.77,135.08,135.74,1461764.0,27353765.0,185.805754964,2017-05-08,36.8835678239
002157,正邦科技,72.01,72.01,68.72,69.02,16683819.0,78329292.0,94.3612803417,2017-05-08,36.7158509732
002703,浙江世宝,25.27,25.44,24.62,24.64,1925485.0,47694335.0,33.6838903675,2017-05-08,36.7041005174
600608,*ST沪科,1025.55,1029.73,978.51,978.51,2994512.0,28341209.0,1337.33594527,2017-05-08,36.6706467256
000628,高新发展,31.24,31.24,30.18,30.36,3442641.0,33896790.0,41.4801798363,2017-05-08,36.6277333211
600130,波导股份,37.47,37.59,36.33,36.39,8601700.0,52964560.0,49.6372084939,2017-05-08,36.4034308707
002655,共达电声,32.71,32.74,30.37,31.01,16770923.0,172449129.0,42.246455677,2017-05-08,36.2349425249
600573,惠泉啤酒,13.55,13.55,13.1,13.12,1989715.0,20499225.0,17.8624788706,2017-05-08,36.1469426113
300250,初灵信息,75.75,78.7,75.42,76.32,3224805.0,60880716.0,103.880290035,2017-05-08,36.111491136
002194,武汉凡谷,26.99,28.17,26.38,27.8,3218194.0,29288418.0,37.8193344383,2017-05-08,36.0407713608
603806,福斯特,36.34,36.35,34.57,34.66,1822896.0,61146422.0,47.047399989,2017-05-08,35.7397576139
300313,天山生物,28.42,28.75,26.78,26.95,6400033.0,86182216.0,36.5587030664,2017-05-08,35.6538147175
002519,银河电子,99.58,102.06,97.97,100.65,2901877.0,43371842.0,136.393910549,2017-05-08,35.5130755576
002673,西部证券,32.12,32.24,31.25,31.34,27661553.0,359835977.0,42.4691754222,2017-05-08,35.5110894135
000058,深 赛 格,36.04,36.04,34.91,34.95,9952125.0,77902024.0,47.2811855668,2017-05-08,35.2823621366
000558,莱茵体育,41.91,46.31,40.9,46.31,11168847.0,118775499.0,62.6250199279,2017-05-08,35.2300149598
002687,乔治白,32.66,32.7,31.22,31.45,2979032.0,24331031.0,42.5136698003,2017-05-08,35.1786003188
000790,华神集团,80.84,80.84,77.37,77.63,4778225.0,43440953.0,104.888161892,2017-05-08,35.1129227004
000690,宝新能源,270.02,270.02,263.14,263.14,11428962.0,70437570.0,355.323580224,2017-05-08,35.0321426709
002335,科华恒盛,95.17,95.17,89.16,89.4,3558257.0,109238116.0,120.650239073,2017-05-08,34.9555246897
603636,南威软件,62.99,63.67,60.98,61.62,12514650.0,194343653.0,83.1326677672,2017-05-08,34.9118269511
300405,科隆精化,31.85,32.48,31.38,31.65,1105007.0,35262279.0,42.6287201985,2017-05-08,34.6878995212
002645,华宏科技,45.62,46.03,44.93,45.4,966114.0,18413262.0,61.093657134,2017-05-08,34.5675267268
300101,振芯科技,117.31,117.31,114.54,114.62,4209733.0,59617503.0,154.022980935,2017-05-08,34.3770554309
000972,新中基,15.78,15.91,15.03,15.03,7539002.0,35665535.0,20.193929676,2017-05-08,34.3574828743
600191,华资实业,21.76,22.37,21.66,21.96,6351266.0,55636149.0,29.4890428539,2017-05-08,34.2852588974
300321,同大股份,50.05,50.73,49.23,49.62,627074.0,15262440.0,66.5913426176,2017-05-08,34.2026251867
002330,得利斯,18.53,18.88,17.55,17.73,6204283.0,55531178.0,23.7875324846,2017-05-08,34.1654398453
600425,青松建化,24.92,25.09,23.69,23.69,54799300.0,225692481.0,31.7771807787,2017-05-08,34.1375296694
603315,福鞍股份,37.56,37.82,36.16,36.16,2931867.0,53787492.0,48.4525322539,2017-05-08,33.9948347731
300248,新开普,104.86,108.27,104.86,106.44,1784800.0,29180670.0,142.590120416,2017-05-08,33.9629090714
000573,粤宏远Ａ,47.83,48.55,46.6,46.67,6752415.0,44275928.0,62.4916681948,2017-05-08,33.9011531923
600401,*ST海润,31.61,31.61,31.61,31.61,28742700.0,49437444.0,42.2909520683,2017-05-08,33.7897882578
300282,汇冠股份,66.4,67.21,60.18,60.18,4723593.0,98031281.0,80.4736465156,2017-05-08,33.7215794544
300017,网宿科技,300.88,302.75,286.44,286.68,65320032.0,828606819.0,383.140186825,2017-05-08,33.6473373884
600423,柳化股份,19.24,19.4,18.65,18.68,8097276.0,46563031.0,24.9599951293,2017-05-08,33.6188176087
200058,深赛格B,8.08,8.1,7.89,7.94,845211.0,2971284.0,10.6018720174,2017-05-08,33.5248364913
600156,华升股份,15.1,15.2,14.51,14.68,2058161.0,16108033.0,19.6010987201,2017-05-08,33.5224708453
002590,万安科技,65.27,66.03,64.46,64.82,3846711.0,55635821.0,86.5425082904,2017-05-08,33.512046113
000971,蓝鼎控股,32.11,32.11,30.51,30.7,3038573.0,50442173.0,40.9811355366,2017-05-08,33.4890408357
600664,哈药股份,57.01,57.48,54.41,54.6,34697293.0,201668563.0,72.8826528377,2017-05-08,33.4847121569
002730,电光科技,34.3,34.74,31.29,31.66,4474375.0,67343356.0,42.2557770155,2017-05-08,33.4673942373
200017,深中华B,8.48,8.48,8.05,8.17,398500.0,1391204.0,10.8989122132,2017-05-08,33.4016182772
600826,兰生股份,112.32,113.85,112.26,113.34,3102882.0,61924363.0,151.151273352,2017-05-08,33.3609258447
600113,浙江东日,56.98,58.33,56.07,56.44,5676656.0,79491871.0,75.1487241979,2017-05-08,33.1479875937
600235,民丰特纸,17.41,17.43,16.91,16.99,2950800.0,23307981.0,22.5799439225,2017-05-08,32.9013768245
000659,*ST中富,73.36,74.54,71.17,71.17,14621751.0,63118913.0,94.5349531117,2017-05-08,32.8297781532
600193,创兴资源,50.98,50.98,49.1,49.44,4799685.0,35737079.0,65.6420767146,2017-05-08,32.7711907658
002380,科远股份,62.17,62.36,61.35,61.92,1619594.0,31985635.0,82.1504390497,2017-05-08,32.6718976901
002183,怡 亚 通,121.88,122.9,118.67,119.11,17584583.0,146313436.0,157.988299968,2017-05-08,32.6406682626
002488,金固股份,50.08,50.48,47.52,47.72,5472431.0,66328674.0,63.2413603702,2017-05-08,32.5259018655
000668,荣丰控股,60.91,62.27,60.57,61.93,864439.0,14078287.0,82.0415226774,2017-05-08,32.4746046785
000550,江铃汽车,53.12,53.12,50.33,50.37,3325388.0,69821538.0,66.7151514239,2017-05-08,32.4501715782
000762,西藏矿业,77.2,77.25,73.28,73.61,7112052.0,97489862.0,97.4913332832,2017-05-08,32.4430556761
300354,东华测试,53.71,54.82,52.94,53.2,1045833.0,17629006.0,70.4426674636,2017-05-08,32.4110290669
002189,利达光电,17.29,17.69,17.19,17.4,2176543.0,37435702.0,23.0274211616,2017-05-08,32.3415009287
600091,*ST明科,18.28,18.51,18.05,18.12,2840076.0,20200224.0,23.9802488208,2017-05-08,32.341329033
000791,甘肃电投,23.57,24.12,23.05,23.05,9881893.0,94332661.0,30.4938147803,2017-05-08,32.2942072899
002214,大立科技,37.79,37.79,35.92,35.92,6188018.0,54441830.0,47.4816303475,2017-05-08,32.1871668918
600250,南纺股份,30.61,30.61,28.47,29.18,1800083.0,19565386.0,38.5385617646,2017-05-08,32.0718360678
300359,全通教育,125.56,130.78,125.4,125.98,7774984.0,120122117.0,166.34375473,2017-05-08,32.0398116603
603789,星光农机,21.05,21.05,20.45,20.47,644335.0,13195587.0,27.0249536471,2017-05-08,32.022245467
600370,三房巷,29.03,29.15,28.52,28.58,3814634.0,17435372.0,37.7162769299,2017-05-08,31.9673790408
600228,昌九生化,25.34,25.7,25.12,25.12,5439510.0,63238732.0,33.1469875719,2017-05-08,31.9545683594
300317,珈伟股份,43.1,43.32,39.92,40.38,4714578.0,127218030.0,53.2768711823,2017-05-08,31.9387597383
600095,哈高科,29.81,30.33,28.14,28.47,19637147.0,176178003.0,37.5516458845,2017-05-08,31.8990020531
300220,金运激光,74.7,76.98,74.56,75.35,1233497.0,25874504.0,99.352624153,2017-05-08,31.8548429369
002360,同德化工,55.09,55.09,53.0,53.07,2777669.0,23832509.0,69.9240237035,2017-05-08,31.7581000632
600119,长江投资,44.45,46.4,43.96,44.95,7651052.0,119181163.0,59.206864339,2017-05-08,31.7171620446
000025,特  力Ａ,75.58,76.62,74.75,74.98,1240872.0,49840821.0,98.7427142521,2017-05-08,31.6920702215
002476,宝莫股份,37.31,37.46,36.42,36.47,5397844.0,38119903.0,48.0210439528,2017-05-08,31.6727281405
300277,海联讯,47.05,47.05,44.52,45.09,1736000.0,15405079.0,59.3709745033,2017-05-08,31.672154587
300106,西部牧业,17.73,17.86,17.32,17.32,1728830.0,19879175.0,22.8035573589,2017-05-08,31.6602618874
300458,全志科技,57.16,58.8,57.14,57.47,904967.0,52489110.0,75.6510884692,2017-05-08,31.6357899237
300381,溢多利,106.68,108.45,103.87,104.97,1804194.0,31359316.0,138.162103148,2017-05-08,31.6205612534
300160,秀强股份,60.81,61.41,58.46,58.46,8566608.0,76504794.0,76.9243647833,2017-05-08,31.5846130402
300353,东土科技,87.83,89.77,84.72,84.78,5465247.0,73912736.0,111.414459336,2017-05-08,31.4159699643
300292,吴通控股,59.14,59.14,57.21,57.21,8054835.0,50881750.0,75.1558405681,2017-05-08,31.3683631674
300071,华谊嘉信,80.1,80.66,77.55,77.55,6001576.0,42707795.0,101.756378805,2017-05-08,31.2138991679
600321,国栋建设,35.34,35.34,33.63,33.71,32012134.0,141552238.0,44.2236353647,2017-05-08,31.1884763118
600696,匹凸匹,27.87,28.57,27.67,28.0,3912671.0,33139951.0,36.7229625191,2017-05-08,31.1534375684
300264,佳创视讯,33.17,33.99,32.8,33.17,2703757.0,21817728.0,43.5034063911,2017-05-08,31.1528682277
600623,双钱股份,274.16,277.63,270.95,271.49,5166179.0,53195875.0,355.983546502,2017-05-08,31.122157907
000567,海德股份,82.63,84.18,81.17,81.17,1488779.0,38008252.0,106.42744434,2017-05-08,31.1167233462
002407,多氟多,117.77,120.91,117.24,117.45,15190353.0,339474920.0,153.988007044,2017-05-08,31.1094142565
000503,海虹控股,309.0,312.69,299.27,299.27,7040716.0,222754965.0,392.023034961,2017-05-08,30.9930948511
002631,德尔未来,56.42,58.42,55.76,57.01,5637175.0,77955595.0,74.6687414842,2017-05-08,30.97481404
600714,金瑞矿业,29.32,29.45,28.09,28.12,2050703.0,22665722.0,36.815059894,2017-05-08,30.9212656257
600200,江苏吴中,151.6,152.81,142.52,143.06,12414607.0,167326867.0,187.268591183,2017-05-08,30.9021327997
300121,阳谷华泰,64.86,64.86,59.46,59.56,7413935.0,95416567.0,77.9639125936,2017-05-08,30.8997860874
002323,雅百特,51.46,53.78,49.58,49.58,25597076.0,303076175.0,64.8862240694,2017-05-08,30.8717710154
002292,奥飞动漫,131.76,134.44,131.36,133.57,7491163.0,126441790.0,174.759513116,2017-05-08,30.8373984545
002227,奥 特 迅,39.3,39.3,38.41,38.56,903657.0,16920614.0,50.4406900408,2017-05-08,30.8109181555
600821,津劝业,41.38,41.9,38.31,39.12,5962125.0,50427399.0,51.126163673,2017-05-08,30.6906024361
001896,豫能控股,10.78,11.02,10.64,10.78,7937390.0,62465633.0,14.0880519863,2017-05-08,30.6869386485
300243,瑞丰高材,45.64,46.22,44.0,44.08,1696927.0,19616978.0,57.5905790982,2017-05-08,30.6501340704
002270,法因数控,15.62,15.65,15.17,15.21,2595134.0,29211117.0,19.8612181499,2017-05-08,30.5800009858
002588,史丹利,78.2,78.2,74.33,75.07,9751234.0,80838887.0,98.0067535736,2017-05-08,30.5538211983
600148,长春一东,69.05,69.34,66.24,66.43,2975600.0,74574652.0,86.7130737123,2017-05-08,30.5330027281
300169,天晟新材,26.32,26.6,25.09,25.21,4742043.0,39581287.0,32.9056212056,2017-05-08,30.5260658691
600311,荣华实业,23.41,23.5,22.83,22.88,7402161.0,38523158.0,29.8381407081,2017-05-08,30.4114541439
000890,法 尔 胜,31.24,31.68,30.29,30.43,3330314.0,28265235.0,39.6824927284,2017-05-08,30.4058255945
600343,航天动力,54.53,54.56,51.64,51.7,8356675.0,144473605.0,67.4084665769,2017-05-08,30.3838811932
002416,爱施德,21.97,22.39,21.5,21.83,3921747.0,41351692.0,28.44400637,2017-05-08,30.2977845624
600396,金山股份,25.82,25.82,25.09,25.09,5772319.0,22223575.0,32.6866088446,2017-05-08,30.2774366065
600128,弘业股份,32.81,33.07,31.72,31.84,3423652.0,37797464.0,41.4695702733,2017-05-08,30.2436252301
000780,平庄能源,19.89,19.94,19.66,19.66,5855998.0,25087266.0,25.6006173786,2017-05-08,30.2167720173
002607,亚夏汽车,35.92,36.39,34.03,34.08,7692654.0,64759504.0,44.349943926,2017-05-08,30.1348119895
600561,江西长运,27.81,27.81,27.06,27.12,2503731.0,24667806.0,35.2774369997,2017-05-08,30.079044984
300218,安利股份,25.02,25.14,24.27,24.38,1591110.0,18917332.0,31.713003766,2017-05-08,30.0779481787
600770,综艺股份,160.29,161.76,158.4,158.61,7687553.0,58647775.0,206.314839318,2017-05-08,30.0768169207
002580,圣阳股份,34.14,34.14,33.35,33.35,3622176.0,29528425.0,43.3757871439,2017-05-08,30.0623302666
600604,市北高新,392.43,395.56,381.73,383.56,2535589.0,37618050.0,498.768092583,2017-05-08,30.0365242944
000996,中国中期,48.31,49.18,47.72,47.75,4477518.0,80406416.0,62.0919386577,2017-05-08,30.0354736286
600784,鲁银投资,50.77,50.77,48.87,48.94,3691632.0,26187705.0,63.6342352336,2017-05-08,30.0250004774
002425,凯撒股份,41.2,41.97,40.41,40.67,2548993.0,39497054.0,52.8765176538,2017-05-08,30.0135668891
600358,国旅联合,26.92,28.07,26.58,26.96,3698133.0,29078998.0,35.0420809557,2017-05-08,29.978045088
002353,杰瑞股份,125.01,128.23,124.29,124.37,10383015.0,163629791.0,161.622139882,2017-05-08,29.9526733793
000547,航天发展,139.07,139.18,132.61,133.18,11662281.0,138444259.0,173.060647722,2017-05-08,29.9449224521
600371,万向德农,34.64,34.67,33.87,34.21,1319226.0,15817911.0,44.432262506,2017-05-08,29.8809193393
300387,富邦股份,43.09,43.27,41.58,42.45,885865.0,18743002.0,55.0520270894,2017-05-08,29.6867540387
002006,精功科技,61.49,61.72,59.95,60.03,2527192.0,20031855.0,77.7702583574,2017-05-08,29.5523211019
000815,*ST美利,51.08,52.23,50.3,50.83,2350831.0,33609214.0,65.8012257478,2017-05-08,29.4535230136
000592,平潭发展,34.79,34.92,33.15,33.61,18818720.0,98245943.0,43.4908907943,2017-05-08,29.398663476
300242,明家科技,50.04,51.67,49.83,50.4,7702301.0,76571834.0,65.2051500526,2017-05-08,29.3752977234
002231,奥维通信,33.77,33.87,32.48,32.48,2768968.0,29449836.0,42.0189199286,2017-05-08,29.3685958392
300234,开尔新材,44.95,47.71,44.71,46.77,8259433.0,114405545.0,60.5032696999,2017-05-08,29.3634160785
600537,亿晶光电,24.14,24.18,23.67,23.71,8983444.0,50660835.0,30.6683622095,2017-05-08,29.3477950632
600975,新五丰,47.41,47.41,45.45,45.52,8054590.0,53230043.0,58.8717301214,2017-05-08,29.3315688079
000948,南天信息,24.47,24.97,24.2,24.49,2850186.0,36486124.0,31.6719395638,2017-05-08,29.3260088353
000638,万方发展,53.92,54.5,51.27,51.27,8211503.0,97364030.0,66.2547027375,2017-05-08,29.2270386922
002243,通产丽星,17.44,17.57,16.67,16.73,2723551.0,27713760.0,21.618352133,2017-05-08,29.2190802926
600652,游久游戏,9657.98,10020.02,9604.74,9700.57,7846385.0,72501594.0,12530.8698991,2017-05-08,29.1766349717
002755,东方新星,35.1,35.76,32.09,32.43,2554305.0,86032599.0,41.8879455436,2017-05-08,29.1641860735
000801,四川九洲,130.78,131.21,124.47,124.61,5827350.0,51678617.0,160.931014626,2017-05-08,29.1477526896
300164,通源石油,43.25,43.61,42.23,42.23,4698100.0,33867521.0,54.5003255523,2017-05-08,29.0559449498
002172,澳洋科技,24.74,24.74,23.81,23.99,8027280.0,64305188.0,30.9305625241,2017-05-08,28.9310651276
300238,冠昊生物,101.19,103.66,99.82,102.57,2096814.0,53155373.0,132.217055037,2017-05-08,28.9042166683
300027,华谊兄弟,123.9,126.3,123.45,123.6,16382750.0,136338551.0,159.295495002,2017-05-08,28.8798503256
600310,桂东电力,58.85,60.08,58.45,58.77,8116625.0,58825711.0,75.7328237783,2017-05-08,28.863065813
002208,合肥城建,43.28,43.51,41.03,41.16,3983100.0,51937008.0,53.0306393783,2017-05-08,28.8402317258
300062,中能电气,49.79,49.79,47.16,47.77,1788254.0,41735894.0,61.5327105263,2017-05-08,28.8103632537
000957,中通客车,62.25,62.79,59.57,59.62,6685860.0,81894634.0,76.7740469125,2017-05-08,28.7723027717
600530,交大昂立,34.5,34.93,34.26,34.26,4412190.0,24970982.0,44.0916510922,2017-05-08,28.6971718977
002695,煌上煌,75.9,77.09,72.97,73.34,5803563.0,105940419.0,94.372599652,2017-05-08,28.6782105972
300378,鼎捷软件,38.53,40.31,38.26,38.75,3098281.0,54735282.0,49.8496436632,2017-05-08,28.6442417114
600980,北矿磁材,30.88,31.62,30.53,30.74,1532383.0,26970128.0,39.5434522301,2017-05-08,28.6384262527
600268,国电南自,44.89,45.31,44.05,44.12,5128674.0,32950038.0,56.750246772,2017-05-08,28.6270325748
000922,佳电股份,19.53,19.53,18.72,18.77,8561570.0,72806570.0,24.1348617208,2017-05-08,28.5821082623
300356,光一科技,37.73,38.71,37.19,37.79,1851488.0,46054651.0,48.5860290835,2017-05-08,28.5684813007
000695,滨海能源,32.74,32.93,30.4,31.8,1764399.0,21053313.0,40.8691564336,2017-05-08,28.5193598542
000561,烽火电子,28.07,28.33,26.9,27.0,6614219.0,70521094.0,34.6794759796,2017-05-08,28.4425036283
002197,证通电子,50.06,50.55,49.41,49.58,3055853.0,37675369.0,63.6611693032,2017-05-08,28.4009062186
002453,天马精化,32.69,32.85,31.24,31.24,5538279.0,42957342.0,40.1096686387,2017-05-08,28.3920250918
002623,亚玛顿,29.65,30.36,29.59,29.68,1931809.0,56790577.0,38.1040511093,2017-05-08,28.3829215273
300380,安硕信息,53.49,56.19,53.49,54.54,1801397.0,49286688.0,70.0109794732,2017-05-08,28.3662989973
002487,大金重工,32.76,32.76,31.53,31.58,4052857.0,28647122.0,40.5282894678,2017-05-08,28.3353054711
300019,硅宝科技,70.41,70.41,67.95,69.22,2083296.0,20512401.0,88.8255116664,2017-05-08,28.3234782814
600677,航天通信,98.79,98.79,93.55,93.61,9386646.0,133437627.0,120.088872206,2017-05-08,28.286371334
600178,东安动力,20.62,20.62,19.29,19.4,9075773.0,86698233.0,24.8767081467,2017-05-08,28.2304543643
002347,泰尔重工,29.13,29.51,28.38,28.38,9457820.0,72729610.0,36.3628862972,2017-05-08,28.1285634152
300404,博济医药,53.47,53.47,51.43,51.67,876338.0,22854298.0,66.1998817614,2017-05-08,28.120537568
600540,新赛股份,21.32,21.66,20.73,20.9,5626710.0,34569905.0,26.7405954377,2017-05-08,27.9454327161
002249,大洋电机,78.77,79.0,76.92,76.92,8142736.0,54813886.0,98.4055068404,2017-05-08,27.9322761836
300305,裕兴股份,35.14,35.48,34.16,34.24,2505044.0,23105538.0,43.7923160982,2017-05-08,27.8981194458
002629,仁智油服,32.35,32.35,31.12,31.12,4412800.0,37642202.0,39.7934190875,2017-05-08,27.8708839573
600262,北方股份,38.18,38.77,37.4,37.56,1417330.0,36242397.0,48.017863903,2017-05-08,27.8430881336
600891,秋林集团,38.08,38.08,36.91,36.91,3684567.0,27250177.0,47.1720455489,2017-05-08,27.8028868841
300110,华仁药业,34.95,35.33,34.92,35.08,5947908.0,67377530.0,44.7951713382,2017-05-08,27.6943310668
000802,北京文化,51.54,51.68,50.03,50.1,2067120.0,30519242.0,63.9689997234,2017-05-08,27.6826341784
000428,华天酒店,71.89,72.42,70.17,70.57,4554221.0,24632353.0,90.0738495136,2017-05-08,27.6375931892
002009,天奇股份,58.52,59.89,57.2,59.05,6713232.0,75041308.0,75.3412705277,2017-05-08,27.5889424686
300304,云意电气,89.16,90.46,81.38,81.46,56317936.0,606312924.0,103.927466918,2017-05-08,27.5809807492
000757,浩物股份,38.93,38.93,38.13,38.23,3478222.0,26720346.0,48.7713480285,2017-05-08,27.573497328
000720,新能泰山,36.77,37.14,36.19,36.19,3823757.0,19111448.0,46.1649269128,2017-05-08,27.5626607151
600131,岷江水电,43.55,43.55,41.18,41.23,4480453.0,37316883.0,52.5936672451,2017-05-08,27.5616474536
300435,中泰股份,42.59,42.95,41.59,41.87,737967.0,10321105.0,53.3887248008,2017-05-08,27.5106873675
002593,日上集团,17.28,17.44,16.84,16.87,4085372.0,22259316.0,21.5058077434,2017-05-08,27.4795953965
002224,三 力 士,81.69,81.69,79.79,79.79,4886257.0,57657748.0,101.693376877,2017-05-08,27.4512807082
600758,红阳能源,23.58,23.74,23.21,23.24,13947868.0,124268668.0,29.6196268941,2017-05-08,27.451062367
002096,南岭民爆,56.02,56.31,53.82,54.6,1854399.0,21075379.0,69.5442463697,2017-05-08,27.3704145966
600605,汇通能源,546.14,567.64,540.77,557.22,1689541.0,28111472.0,709.514474106,2017-05-08,27.3311212997
000626,如意集团,204.82,205.24,199.0,199.0,1887905.0,35965706.0,253.34015804,2017-05-08,27.3066120806
300123,太阳鸟,44.19,44.52,41.58,42.21,5080788.0,65711631.0,53.730370229,2017-05-08,27.2929879863
600651,飞乐音响,45664.73,46046.63,44519.02,44682.69,6044044.0,49935545.0,56870.1864478,2017-05-08,27.2756551761
600503,华丽家族,19.29,19.5,19.05,19.09,13803689.0,89127014.0,24.2884173105,2017-05-08,27.2311016787
600876,洛阳玻璃,29.22,29.38,27.95,28.13,2432714.0,48852465.0,35.7851586974,2017-05-08,27.2135040789
600716,凤凰股份,25.68,25.73,24.93,25.02,6677937.0,38105993.0,31.8282429568,2017-05-08,27.211202865
603609,禾丰牧业,16.25,16.25,15.28,15.29,7943160.0,81930215.0,19.4231601844,2017-05-08,27.031786687
002654,万润科技,57.15,57.15,55.37,55.86,4486137.0,41011202.0,70.9460612651,2017-05-08,27.0069123972
601001,大同煤业,10.67,10.67,10.41,10.43,6599266.0,32502354.0,13.2452025995,2017-05-08,26.991395968
600216,浙江医药,54.71,54.71,53.59,53.64,7325062.0,70931056.0,68.1174276372,2017-05-08,26.9899844094
002124,天邦股份,66.27,66.71,65.03,65.03,3234168.0,29235004.0,82.5513473092,2017-05-08,26.9434834834
600865,百大集团,55.7,55.8,53.35,53.46,1906131.0,20063965.0,67.8478225497,2017-05-08,26.9132483159
600098,广州发展,41.87,41.87,39.79,39.95,14742284.0,116347073.0,50.7008756035,2017-05-08,26.9108275432
600497,驰宏锌锗,111.87,113.9,111.46,112.07,40284843.0,222539270.0,142.206253223,2017-05-08,26.8905623473
002574,明牌珠宝,20.08,20.08,19.31,19.35,5597951.0,48333783.0,24.5525589765,2017-05-08,26.8866096975
300368,汇金股份,126.97,131.02,123.73,124.3,7768897.0,123087797.0,157.619340398,2017-05-08,26.8055835868
600288,大恒科技,50.08,50.08,47.9,47.95,5537708.0,59885675.0,60.7953217347,2017-05-08,26.7889921475
300427,红相电力,61.87,62.42,56.46,56.49,6588349.0,121022265.0,71.6164354008,2017-05-08,26.7771913626
200019,深深宝Ｂ,15.75,15.84,15.56,15.72,44000.0,223151.0,19.9274294836,2017-05-08,26.7648185981
600501,航天晨光,73.64,74.11,69.95,70.0,4195722.0,63378212.0,88.7285948784,2017-05-08,26.7551355406
601599,鹿港科技,21.66,21.94,21.16,21.16,5885446.0,41000877.0,26.81784492,2017-05-08,26.7383975427
002560,通达股份,38.63,39.28,37.56,37.56,4433800.0,41605631.0,47.5969091757,2017-05-08,26.7223353986
601038,一拖股份,9.27,9.42,9.23,9.29,3883320.0,35276564.0,11.7658920877,2017-05-08,26.6511527202
600707,彩虹股份,15.56,16.08,15.49,15.51,6199726.0,42774506.0,19.6405785921,2017-05-08,26.6317123926
600493,凤竹纺织,29.1,29.4,28.65,28.8,1385057.0,15965653.0,36.4626808827,2017-05-08,26.6065308426
600794,保税科技,93.75,93.75,88.41,90.67,5669907.0,25315418.0,114.775613666,2017-05-08,26.5860964662
002196,方正电机,31.25,31.38,29.65,29.93,2316665.0,43059139.0,37.8858860124,2017-05-08,26.581643877
002276,万马股份,42.9,43.98,42.9,43.57,10190314.0,119057336.0,55.1494513526,2017-05-08,26.5766613556
000881,大连国际,104.63,106.57,95.36,96.81,4303100.0,88023174.0,122.537148791,2017-05-08,26.5748877086
002733,雄韬股份,37.43,37.52,36.52,36.64,893900.0,14478066.0,46.376713825,2017-05-08,26.574000614
002577,雷柏科技,57.53,60.28,56.62,58.78,3124470.0,78680148.0,74.3945521336,2017-05-08,26.5643962804
600103,青山纸业,18.34,18.55,17.68,17.81,23506601.0,102963018.0,22.5410388881,2017-05-08,26.5639465925
002329,皇氏集团,63.84,63.84,62.04,62.33,6264926.0,68020113.0,78.8810069978,2017-05-08,26.5538376349
600433,冠豪高新,37.7,38.2,37.52,37.58,7298347.0,44445024.0,47.5538586182,2017-05-08,26.5403369297
002751,易尚展示,70.17,73.96,69.87,70.53,2349891.0,84103163.0,89.2234608076,2017-05-08,26.5042688326
002104,恒宝股份,57.24,59.07,56.32,58.15,10803036.0,95527891.0,73.5312082979,2017-05-08,26.4509171073
002709,天赐材料,97.73,99.14,95.28,95.36,2972998.0,114959741.0,120.467942518,2017-05-08,26.3296377076
600232,金鹰股份,23.85,24.01,23.27,23.3,2383291.0,21667847.0,29.4309227031,2017-05-08,26.3129729748
300173,智慧松德,66.59,67.49,64.9,65.0,1355795.0,17119452.0,82.0912899907,2017-05-08,26.2942922933
600203,福日电子,15.18,15.18,14.8,14.82,2433747.0,21537972.0,18.7160894086,2017-05-08,26.2894022171
300312,邦讯技术,35.64,37.12,35.52,36.37,7132854.0,86035636.0,45.8903217181,2017-05-08,26.1763038715
603456,九洲药业,32.62,32.7,31.78,31.8,1614722.0,25817924.0,40.1226941142,2017-05-08,26.1719940699
000829,天音控股,154.83,156.12,153.22,154.02,5963099.0,57294188.0,194.256768058,2017-05-08,26.1243786899
002071,长城影视,16.19,16.2,15.62,15.62,3001446.0,31206194.0,19.6986826619,2017-05-08,26.1119248522
300369,绿盟科技,98.53,100.62,97.04,98.85,2146804.0,53024756.0,124.612439008,2017-05-08,26.0621537763
601118,海南橡胶,5.67,5.69,5.56,5.57,17055409.0,92583602.0,7.01711963799,2017-05-08,25.9806039137
600171,上海贝岭,30.49,30.71,30.19,30.3,4361071.0,48768049.0,38.1695250251,2017-05-08,25.9720297857
002740,爱迪尔,38.19,38.19,36.59,36.8,1567000.0,19528863.0,46.3576810915,2017-05-08,25.9719594879
002201,九鼎新材,40.9,41.56,39.49,39.49,2095967.0,29274891.0,49.7387066129,2017-05-08,25.9526629853
603308,应流股份,15.86,15.92,15.62,15.73,2459008.0,38358490.0,19.8100618283,2017-05-08,25.9380917246
000993,闽东电力,18.08,18.09,17.5,17.5,5001407.0,49083287.0,22.0359441227,2017-05-08,25.9196807014
300229,拓尔思,45.7,47.96,45.53,46.08,4677169.0,62881565.0,57.9971839971,2017-05-08,25.8619444382
600610,中毅达,551.93,554.5,540.38,542.3,3483035.0,29716921.0,682.521357648,2017-05-08,25.8567873221
300111,向日葵,8.94,9.03,8.92,8.92,9227476.0,36920425.0,11.2116094736,2017-05-08,25.6906891658
002112,三变科技,36.43,36.77,34.71,35.43,1298669.0,18050223.0,44.5171206794,2017-05-08,25.6480967524
600237,铜峰电子,25.03,25.36,24.7,24.74,5223122.0,31734366.0,31.0844199541,2017-05-08,25.6443813829
000061,农 产 品,195.72,198.51,194.43,196.58,3932185.0,35850331.0,246.979975487,2017-05-08,25.63840446
300215,电科院,186.77,189.29,183.59,183.59,7396320.0,82527116.0,230.62803198,2017-05-08,25.6212386186
300189,神农大丰,26.7,26.83,25.79,25.79,8977707.0,36264765.0,32.397213178,2017-05-08,25.6192833577
002037,久联发展,53.84,53.92,52.96,53.12,2875458.0,38403274.0,66.7209529737,2017-05-08,25.6042036402
300386,飞天诚信,82.65,85.06,80.16,81.5,3591494.0,66189014.0,102.35064556,2017-05-08,25.5836141839
002535,林州重机,19.48,19.65,19.02,19.02,6874966.0,37744854.0,23.8837640553,2017-05-08,25.5718404588
000750,国海证券,59.92,60.48,58.82,58.93,54806207.0,294538833.0,73.9970176363,2017-05-08,25.5676525306
600189,吉林森工,18.63,18.67,17.94,18.02,2058177.0,18066292.0,22.6245160704,2017-05-08,25.5522534429
603606,东方电缆,27.24,27.24,26.24,26.35,1840992.0,22113365.0,33.076839215,2017-05-08,25.5288015749
300211,亿通科技,57.54,59.24,56.02,57.6,1348231.0,12297564.0,72.2596275131,2017-05-08,25.4507422102
000969,安泰科技,59.56,60.16,57.68,57.68,9219950.0,80698064.0,72.3591256336,2017-05-08,25.4492469375
300273,和佳股份,72.29,72.92,71.14,71.31,6736082.0,83974945.0,89.441375618,2017-05-08,25.4261332464
000718,苏宁环球,42.63,42.84,41.67,42.35,10471980.0,64489608.0,53.1172498576,2017-05-08,25.424438861
300456,耐威科技,77.3,78.79,75.46,77.58,701651.0,27237296.0,97.2347541507,2017-05-08,25.3348210244
600152,维科精华,27.38,27.44,26.58,26.67,4695723.0,41697836.0,33.4196467732,2017-05-08,25.3080118979
000966,长源电力,17.61,17.69,17.21,17.32,8156370.0,38786093.0,21.7001479287,2017-05-08,25.2895376945
002150,通润装备,52.49,52.49,48.91,49.85,2552892.0,32218577.0,62.4467845548,2017-05-08,25.2693772413
600689,上海三毛,34.48,35.62,33.9,33.98,2871590.0,39541169.0,42.5629282126,2017-05-08,25.2587646044
600880,博瑞传播,232.86,232.86,226.54,226.9,8826320.0,57943767.0,284.062281758,2017-05-08,25.1927200346
600796,钱江生化,75.31,75.31,73.56,73.64,2476086.0,21978829.0,92.1903005167,2017-05-08,25.1905221575
300442,普丽盛,33.83,34.0,32.62,32.69,425062.0,14113547.0,40.9189100314,2017-05-08,25.1725605121
002628,成都路桥,25.31,25.31,24.4,24.52,7133397.0,46757799.0,30.6912548946,2017-05-08,25.1682499781
000514,渝 开 发,40.73,41.04,40.27,40.27,6044349.0,48182591.0,50.3844288714,2017-05-08,25.1165355635
600278,东方创业,26.46,26.63,25.97,25.99,1640000.0,21133491.0,32.5129764797,2017-05-08,25.0980241622
300345,红宇新材,39.92,40.34,38.67,38.67,4442293.0,40862696.0,48.3595792262,2017-05-08,25.0570965248
000619,海螺型材,90.92,92.37,87.19,87.91,4582160.0,45392046.0,109.884957428,2017-05-08,24.9971077553
000788,北大医药,40.04,40.71,38.17,38.88,2474391.0,26501315.0,48.5829493888,2017-05-08,24.9561455474
002526,山东矿机,16.41,16.55,14.97,15.36,5952073.0,46231568.0,19.1918761956,2017-05-08,24.9471106484
300326,凯利泰,98.7,99.25,95.4,95.62,6391401.0,56686429.0,119.468318398,2017-05-08,24.9407220227
000603,盛达矿业,54.33,55.38,54.03,54.07,4873320.0,62811679.0,67.5465071914,2017-05-08,24.9241856693
600233,大杨创世,94.1,94.69,92.88,93.08,3275400.0,62942519.0,116.254673715,2017-05-08,24.8975867154
002725,跃岭股份,28.97,29.37,28.2,28.29,1080603.0,18671097.0,35.3248003514,2017-05-08,24.8667386052
000901,航天科技,109.03,109.03,101.63,101.77,4010127.0,116098308.0,127.069206767,2017-05-08,24.8591989455
300202,聚龙股份,111.95,113.07,110.56,110.83,2932424.0,49638030.0,138.33665504,2017-05-08,24.8187810522
600562,国睿科技,133.45,135.44,132.35,134.29,4255100.0,109110883.0,167.531640286,2017-05-08,24.7536229698
600359,新农开发,12.46,12.61,11.93,11.97,5537830.0,42630940.0,14.9303381093,2017-05-08,24.7313125252
600592,龙溪股份,34.76,42.46,34.76,39.02,129978348.0,1488322970.0,48.6608079441,2017-05-08,24.7073499337
601789,宁波建工,11.03,11.05,10.73,10.75,12045443.0,61336197.0,13.4048139478,2017-05-08,24.6959437004
000995,*ST皇台,20.93,21.11,20.22,20.36,512700.0,6282836.0,25.3859982636,2017-05-08,24.6856496246
002289,宇顺电子,19.83,19.97,18.85,18.85,2721760.0,51196077.0,23.5007213619,2017-05-08,24.6722618668
002659,中泰桥梁,27.76,28.43,27.21,27.42,1784224.0,24210721.0,34.1743669976,2017-05-08,24.6329941559
002539,新都化工,49.51,49.57,48.58,48.69,3169700.0,28424420.0,60.6721964818,2017-05-08,24.609152766
000929,兰州黄河,34.52,34.99,33.9,33.9,1427650.0,19683917.0,42.2311380422,2017-05-08,24.575628443
002670,华声股份,27.74,28.28,26.51,26.51,2849551.0,43744943.0,33.0142317711,2017-05-08,24.5350123393
600615,丰华股份,1230.39,1236.82,1183.84,1211.93,1391291.0,21003057.0,1509.23904319,2017-05-08,24.5318659653
000936,华西股份,48.09,48.66,47.84,47.9,4009506.0,30603081.0,59.6502186516,2017-05-08,24.530727874
002220,天宝股份,53.59,54.01,52.71,53.3,1986439.0,17956653.0,66.3563928656,2017-05-08,24.4960466521
000961,中南建设,37.18,37.4,36.91,37.12,14632259.0,100239247.0,46.1768419369,2017-05-08,24.3988198732
600814,杭州解百,54.64,54.64,52.93,52.99,3674720.0,33414133.0,65.9069821416,2017-05-08,24.3762637132
600051,宁波联合,42.93,42.93,41.6,41.65,3788390.0,37096227.0,51.7978783836,2017-05-08,24.3646539823
002428,云南锗业,58.56,58.78,56.34,56.34,6997100.0,76065803.0,70.0655272977,2017-05-08,24.3619582848
300290,荣科科技,43.57,45.59,42.87,44.02,4401902.0,47327557.0,54.7313025617,2017-05-08,24.3328090906
002176,江特电机,123.79,123.79,118.11,118.37,20854424.0,193843815.0,147.123632485,2017-05-08,24.2913174665
300059,东方财富,274.62,300.07,274.08,292.84,109970816.0,1192486896.0,363.926380705,2017-05-08,24.2748192544
300093,金刚玻璃,32.98,33.38,31.7,32.43,2519003.0,45020348.0,40.2976294285,2017-05-08,24.2603435971
600613,神奇制药,318.16,320.09,312.1,312.38,2139961.0,24540738.0,388.110770714,2017-05-08,24.2431560004
000892,*ST星美,25.62,26.04,25.39,25.49,2739801.0,28273015.0,31.6691534877,2017-05-08,24.2414809246
600776,东方通信,31.72,31.76,31.11,31.16,3651651.0,24625752.0,38.7081270032,2017-05-08,24.2237708705
300330,华虹计通,30.07,30.59,29.71,29.75,1299145.0,18122950.0,36.9518451778,2017-05-08,24.2078829506
300350,华鹏飞,38.21,38.99,38.21,38.31,1009340.0,19288111.0,47.5838669091,2017-05-08,24.2074312426
002265,西仪股份,20.46,20.48,18.35,18.65,7050901.0,138009219.0,23.1635462518,2017-05-08,24.2013203852
600408,*ST安泰,14.47,15.51,14.3,15.22,18153352.0,65462622.0,18.9017251779,2017-05-08,24.1900471611
002057,中钢天源,29.63,29.68,28.57,28.71,3909265.0,46994132.0,35.6532927451,2017-05-08,24.1842310871
002480,新筑股份,35.52,35.69,34.34,34.34,5212986.0,44631229.0,42.6400772346,2017-05-08,24.1702889767
300022,吉峰农机,28.59,28.67,28.02,28.14,3203658.0,22410842.0,34.934644196,2017-05-08,24.1458571285
002318,久立特材,42.68,42.73,40.65,40.7,13215878.0,108261533.0,50.5243973208,2017-05-08,24.1385683557
600257,大湖股份,51.57,51.96,50.99,51.77,7938147.0,62902743.0,64.2538365611,2017-05-08,24.1140362393
002708,光洋股份,31.78,31.87,31.0,31.13,1786850.0,17959152.0,38.636097197,2017-05-08,24.1121015001
002041,登海种业,176.87,179.96,173.66,178.88,7390849.0,97410048.0,221.984741387,2017-05-08,24.0970155336
000779,三毛派神,34.96,35.15,34.45,34.53,714624.0,10300061.0,42.8501067447,2017-05-08,24.095299
600857,宁波中百,83.07,83.07,77.08,77.31,2206116.0,31103519.0,95.9310311731,2017-05-08,24.0861870044
300452,山河药辅,63.82,64.54,61.79,62.12,273713.0,8648176.0,77.0813598489,2017-05-08,24.0846101883
300389,艾比森,65.95,70.32,64.66,66.36,1924201.0,32005943.0,82.3154085512,2017-05-08,24.0437139107
002284,亚太股份,74.32,74.45,72.3,72.42,4937493.0,57219140.0,89.8252244891,2017-05-08,24.0337261655
300216,千山药机,126.9,130.1,124.6,127.48,2839392.0,67783154.0,158.104088144,2017-05-08,24.0226609226
300460,惠伦晶体,19.78,20.11,19.05,19.25,1167256.0,22910434.0,23.8731756979,2017-05-08,24.016497132
000962,东方钽业,31.07,31.41,30.49,30.63,2547225.0,23270238.0,37.9777008711,2017-05-08,23.9885761381
002701,奥瑞金,58.06,58.81,57.81,57.81,11243467.0,78171818.0,71.649370289,2017-05-08,23.9394054471
600740,山西焦化,47.03,47.4,45.69,45.77,4854063.0,30553670.0,56.7103644572,2017-05-08,23.9029155718
601908,京运通,22.64,22.76,22.1,22.1,6921975.0,37459785.0,27.3809758107,2017-05-08,23.8958181479
300429,强力新材,77.21,82.37,77.21,78.02,1475180.0,37882498.0,96.6607959956,2017-05-08,23.8923301662
600363,联创光电,43.14,43.14,42.31,42.44,3970122.0,53367793.0,52.5751424834,2017-05-08,23.8811085848
603309,维力医疗,40.16,40.26,39.27,39.31,761471.0,15094721.0,48.6966809698,2017-05-08,23.8786084198
300336,新文化,65.22,66.4,64.09,65.27,4662485.0,67348605.0,80.8454008172,2017-05-08,23.8630317407
300005,探路者,91.94,96.5,90.84,93.2,9629587.0,115737481.0,115.437367852,2017-05-08,23.8598367513
600647,同达创业,360.53,365.2,354.9,355.86,894709.0,23510547.0,440.72834626,2017-05-08,23.8488018491
002395,双象股份,38.65,41.6,36.5,39.11,4672169.0,87607550.0,48.4332587639,2017-05-08,23.8385547529
600058,五矿发展,60.72,61.06,58.81,58.86,5308017.0,66285403.0,72.8667375305,2017-05-08,23.796699848
002133,广宇集团,16.73,16.84,16.18,16.2,7618035.0,45049423.0,20.0509719369,2017-05-08,23.7714317094
000810,创维数字,61.98,62.4,59.55,59.6,2705927.0,31503627.0,73.7447303518,2017-05-08,23.7327690467
002066,瑞泰科技,47.21,47.34,44.02,44.14,6817151.0,97890907.0,54.5870402485,2017-05-08,23.6679661272
300333,兆日科技,41.87,43.17,41.51,42.29,6110435.0,79840184.0,52.2828332973,2017-05-08,23.6293055033
600650,锦江投资,73.44,74.86,73.16,73.64,1688966.0,31596140.0,91.0125534155,2017-05-08,23.591191493
002552,宝鼎重工,41.85,42.19,40.15,40.56,3571023.0,46405816.0,50.1206611357,2017-05-08,23.5716497429
600883,博闻科技,57.84,58.77,55.26,55.78,1415864.0,17266721.0,68.9207278296,2017-05-08,23.558135227
601015,陕西黑猫,10.88,10.97,10.71,10.71,2734531.0,19652060.0,13.2314602588,2017-05-08,23.5430463009
600391,成发科技,75.5,76.0,70.01,70.1,7736678.0,237094454.0,86.585628193,2017-05-08,23.5173012739
600070,浙江富润,105.26,105.73,99.95,100.81,2433194.0,26241647.0,124.468650618,2017-05-08,23.4685553201
600836,界龙实业,134.52,136.26,130.87,131.4,7102400.0,54705523.0,162.223478142,2017-05-08,23.4577459226
000686,东北证券,126.24,127.52,125.47,126.11,26205893.0,257423120.0,155.676130367,2017-05-08,23.4447152222
002017,东信和平,59.16,59.68,58.27,58.48,1520601.0,17155940.0,72.1714635632,2017-05-08,23.4122153954
002018,华信国际,117.33,118.81,116.34,116.84,11352005.0,81160760.0,144.17430127,2017-05-08,23.3946433329
600775,南京熊猫,17.75,17.84,17.03,17.18,6489250.0,78329007.0,21.1846013358,2017-05-08,23.3096701732
002467,二六三,54.19,56.64,53.29,54.84,8641266.0,73378371.0,67.618635795,2017-05-08,23.3016699399
300283,温州宏丰,46.94,46.94,45.52,45.83,1633535.0,12305686.0,56.5044719242,2017-05-08,23.2914508491
600213,亚星客车,18.78,18.78,17.73,18.16,2887968.0,34112919.0,22.388135241,2017-05-08,23.2826830451
600300,维维股份,38.72,38.79,37.44,37.51,7763001.0,41642998.0,46.2286765268,2017-05-08,23.2436057766
002355,兴民钢圈,23.7,23.99,23.43,23.7,3188228.0,36298611.0,29.2069736725,2017-05-08,23.2361758333
600838,上海九百,167.9,171.16,165.81,165.94,5609500.0,72301344.0,204.469063141,2017-05-08,23.2186712913
002369,卓翼科技,35.56,35.65,34.2,34.54,1840016.0,15123711.0,42.5534196217,2017-05-08,23.200404232
002452,长高集团,39.94,39.94,38.85,38.96,3102800.0,22438403.0,47.9982206537,2017-05-08,23.1987183103
300162,雷曼股份,54.24,59.67,53.15,59.67,5520416.0,62475703.0,73.5125249192,2017-05-08,23.1984664307
300295,三六五网,80.82,83.05,80.33,81.8,3619871.0,78736806.0,100.746304295,2017-05-08,23.1617411916
002190,成飞集成,71.95,72.36,68.94,69.2,4683410.0,125798608.0,85.2242695565,2017-05-08,23.1564588967
600860,京城股份,13.37,13.43,12.69,12.7,3004552.0,23247151.0,15.6401261684,2017-05-08,23.1505997509
000955,欣龙控股,14.44,14.56,14.22,14.29,4966992.0,28965158.0,17.5965780783,2017-05-08,23.1391048164
002154,报 喜 鸟,44.45,44.9,43.89,44.23,5721909.0,22479294.0,54.4546563575,2017-05-08,23.1170164086
002325,洪涛股份,54.66,54.92,54.05,54.22,6133523.0,38433488.0,66.7537971273,2017-05-08,23.116556856
300058,蓝色光标,142.28,144.14,141.35,141.35,12541152.0,96396384.0,173.98181802,2017-05-08,23.0858281007
000833,贵糖股份,12.77,12.9,12.72,12.77,3487800.0,27352760.0,15.7131585501,2017-05-08,23.0474436183
200054,建摩B,2.77,2.77,2.73,2.75,31350.0,319758.0,3.38376127785,2017-05-08,23.0458646492
300074,华平股份,97.19,100.0,95.44,96.78,5823305.0,42600588.0,119.080588991,2017-05-08,23.0425594036
600405,动力源,57.57,58.81,55.9,56.08,7046402.0,64995483.0,69.0018484411,2017-05-08,23.0418124842
300141,和顺电气,59.88,60.07,58.17,58.17,1116106.0,21286553.0,71.5689846202,2017-05-08,23.0341836344
002500,山西证券,10.27,10.34,10.05,10.06,24119131.0,231440844.0,12.3716497458,2017-05-08,22.9786257041
600470,六国化工,15.27,15.35,14.94,14.96,4690223.0,29139991.0,18.3914077652,2017-05-08,22.9372176821
600259,广晟有色,40.34,40.68,39.14,39.16,3003486.0,113509655.0,48.1386522447,2017-05-08,22.9281211561
600728,佳都科技,88.67,89.92,88.05,88.17,6320067.0,45053995.0,108.359616505,2017-05-08,22.8985102697
000019,深深宝Ａ,63.32,63.7,60.26,60.45,6112750.0,77744417.0,74.2793930094,2017-05-08,22.8774077905
002226,江南化工,64.14,64.76,62.81,62.81,7268617.0,52166714.0,77.1731786486,2017-05-08,22.8676622331
300029,天龙光电,11.12,11.12,10.68,10.75,1851589.0,19668797.0,13.2058168951,2017-05-08,22.8448083261
002618,丹邦科技,41.09,41.94,40.73,40.85,2714654.0,55608956.0,50.1815232481,2017-05-08,22.8433861643
600990,四创电子,156.01,157.05,153.93,155.4,1799515.0,104899010.0,190.886010553,2017-05-08,22.835270626
002163,中航三鑫,37.22,37.27,35.77,35.77,10951820.0,85276013.0,43.9367144917,2017-05-08,22.8311839298
000420,吉林化纤,23.63,23.63,21.59,21.66,24253756.0,79799584.0,26.5997825374,2017-05-08,22.8060135612
002298,鑫龙电器,33.37,33.55,33.06,33.12,2652867.0,28842220.0,40.6634699118,2017-05-08,22.77617727
600917,重庆燃气,10.77,10.77,10.36,10.37,1789640.0,18416654.0,12.7309468949,2017-05-08,22.7670867394
600997,开滦股份,20.72,20.94,19.91,19.98,15416238.0,88082326.0,24.5267330923,2017-05-08,22.7564218833
000677,*ST海龙,94.04,94.04,90.74,91.47,5108995.0,25606993.0,112.263554765,2017-05-08,22.7326497927
000721,西安饮食,33.3,33.73,32.88,33.35,8407701.0,59859375.0,40.930875778,2017-05-08,22.7312617031
000534,万泽股份,48.99,49.53,47.97,48.13,1588994.0,18911887.0,59.070137722,2017-05-08,22.7303921089
002533,金杯电工,34.07,34.07,33.53,33.53,3683750.0,29989435.0,41.1514535362,2017-05-08,22.730252121
603020,爱普股份,33.33,33.33,32.59,32.61,1801722.0,28881333.0,40.0196258789,2017-05-08,22.7219438174
600571,信雅达,159.13,164.17,157.02,159.24,5316306.0,85011885.0,195.382287694,2017-05-08,22.6967393208
002439,启明星辰,137.24,140.09,136.43,137.81,7939184.0,135130214.0,169.08001891,2017-05-08,22.6906747766
002420,毅昌股份,7.79,7.82,7.59,7.64,3515318.0,26510156.0,9.37130678218,2017-05-08,22.6610835364
600502,安徽水利,78.56,78.56,73.92,74.41,12725697.0,101218851.0,91.2666878788,2017-05-08,22.653793682
600360,华微电子,51.36,51.84,49.86,49.93,7752671.0,57664953.0,61.2301042153,2017-05-08,22.631893081
002371,七星电子,115.89,115.98,111.44,111.72,3149234.0,74999012.0,136.996679794,2017-05-08,22.6250266684
002741,光华科技,47.35,47.53,46.24,46.3,1078450.0,16766970.0,56.7687378252,2017-05-08,22.6106648492
002619,巨龙管业,49.94,49.94,48.17,48.23,5093478.0,73161501.0,59.1278849876,2017-05-08,22.5956562049
000792,盐湖股份,79.15,79.41,78.16,78.63,6164530.0,92642713.0,96.3757441201,2017-05-08,22.5686685999
603012,创力集团,17.71,17.71,16.96,17.06,2101011.0,18066324.0,20.9041671467,2017-05-08,22.533218914
002612,朗姿股份,33.72,33.79,30.28,32.55,2388613.0,35703815.0,39.8411946537,2017-05-08,22.3999835752
000008,神州高铁,198.66,198.66,193.11,193.11,8826250.0,65192141.0,236.331444566,2017-05-08,22.3817744114
000902,新洋丰,27.4,27.43,26.97,27.43,6234902.0,51450652.0,33.5614953934,2017-05-08,22.353246057
600995,文山电力,84.58,84.82,81.16,81.24,7679092.0,78372967.0,99.3991971469,2017-05-08,22.3525321847
000868,安凯客车,28.82,28.97,27.86,27.91,4397610.0,24706087.0,34.1468834057,2017-05-08,22.3464113426
002177,御银股份,53.73,53.99,53.11,53.29,4189278.0,25489477.0,65.1919131933,2017-05-08,22.3342338024
300130,新国都,73.98,75.34,73.43,73.54,1223202.0,24737032.0,89.959387916,2017-05-08,22.3271524558
000875,吉电股份,6.94,7.0,6.9,6.9,6590980.0,32480256.0,8.43915366649,2017-05-08,22.3065748766
000927,*ST夏利,9.06,9.06,8.49,8.55,17582201.0,96583434.0,10.4556618696,2017-05-08,22.2884429195
300018,中元华电,59.72,59.72,58.37,58.63,2528364.0,23151656.0,71.6970031871,2017-05-08,22.2872304061
300331,苏大维格,65.64,67.4,65.12,65.52,2378564.0,51809457.0,80.1140634504,2017-05-08,22.2742116153
002161,远 望 谷,98.91,99.97,96.55,96.55,4523702.0,41630625.0,118.038519932,2017-05-08,22.2563645074
002693,双成药业,29.29,29.29,28.66,28.77,1762808.0,14542295.0,35.1721868988,2017-05-08,22.2529958247
002278,神开股份,26.77,27.74,26.69,27.59,11841391.0,150826269.0,33.7190764579,2017-05-08,22.2148476182
300314,戴维医疗,60.51,61.14,59.63,60.47,1349512.0,22123936.0,73.8980384823,2017-05-08,22.2061162268
000543,皖能电力,31.73,31.73,31.14,31.14,8055572.0,47352610.0,38.0518865619,2017-05-08,22.1961675077
002264,新 华 都,39.13,39.7,38.28,38.76,3250775.0,26796104.0,47.3617800521,2017-05-08,22.1924149952
600774,汉商集团,86.47,86.47,83.42,83.47,1276860.0,21915358.0,101.993968765,2017-05-08,22.1923670356
300421,力星股份,27.64,27.8,26.78,26.83,1170150.0,31516412.0,32.7816466578,2017-05-08,22.1828052844
000555,神州信息,58.2,58.42,56.21,56.21,3616550.0,66338966.0,68.6676710271,2017-05-08,22.162730879
600864,哈投股份,89.0,89.4,85.79,86.19,5139223.0,44885273.0,105.269606193,2017-05-08,22.1366819735
002582,好想你,52.1,52.47,51.79,51.79,1727682.0,43904773.0,63.2471822354,2017-05-08,22.1223831539
300438,鹏辉能源,76.22,79.61,75.71,78.59,2835108.0,73164874.0,95.9723110393,2017-05-08,22.1177134995
600293,三峡新材,30.93,30.93,29.19,29.82,2463845.0,33802053.0,36.4109562603,2017-05-08,22.1024690151
002209,达 意 隆,24.59,25.21,23.6,24.24,1375078.0,21359955.0,29.5878400979,2017-05-08,22.0620466084
002579,中京电子,39.86,40.56,39.49,39.75,3183106.0,34500476.0,48.5144080088,2017-05-08,22.0488251794
300302,同有科技,129.25,134.47,128.49,129.8,3299616.0,63207431.0,158.416800985,2017-05-08,22.046842053
002692,远程电缆,37.84,38.01,36.77,36.81,2339280.0,21226515.0,44.9233238572,2017-05-08,22.0410862733
002363,隆基机械,25.65,25.65,24.04,24.19,9352994.0,95940209.0,29.519463175,2017-05-08,22.0316791028
002053,云南盐化,29.66,29.83,28.99,29.06,3976883.0,55768626.0,35.4537042558,2017-05-08,22.0017352229
600587,新华医疗,102.66,103.62,102.07,102.5,1583792.0,30425505.0,125.046905365,2017-05-08,21.9969808436
002155,湖南黄金,26.32,26.48,25.37,25.5,23346255.0,228757734.0,31.1083394141,2017-05-08,21.9934878986
002169,智光电气,60.04,60.19,57.91,57.95,2949300.0,47352021.0,70.6855171339,2017-05-08,21.9767336219
000835,长城动漫,71.71,72.31,70.22,71.04,2483949.0,23707278.0,86.6516872732,2017-05-08,21.975911139
600090,啤酒花,47.28,47.38,45.91,45.96,3147964.0,29820970.0,56.0455039255,2017-05-08,21.9440903514
300352,北信源,111.49,112.64,109.19,109.19,4474792.0,64708299.0,133.121492423,2017-05-08,21.9172931794
300301,长方照明,35.65,35.65,35.15,35.21,2467133.0,15671552.0,42.9170476863,2017-05-08,21.888803426
300084,海默科技,43.26,43.44,42.06,42.91,1832376.0,17463561.0,52.2971075592,2017-05-08,21.8762702382
300217,东方电热,43.33,43.58,42.82,42.94,8600506.0,29180977.0,52.3035443244,2017-05-08,21.8061116079
600336,澳柯玛,18.56,18.62,18.11,18.17,3992500.0,24322605.0,22.1314897512,2017-05-08,21.8023651688
000010,深华新,81.09,81.09,77.9,77.9,5616000.0,33718328.0,94.8768719265,2017-05-08,21.7931603677
600186,莲花味精,20.41,20.41,20.06,20.21,8161139.0,32779560.0,24.6139896788,2017-05-08,21.7911414091
300318,博晖创新,45.7,46.41,45.38,45.38,2422011.0,17284702.0,55.2619575131,2017-05-08,21.7760192004
002288,超华科技,51.74,51.89,50.17,50.17,5339780.0,36572261.0,61.079851016,2017-05-08,21.7457664262
300181,佐力药业,53.28,53.35,51.01,51.15,4236638.0,30847076.0,62.2668712943,2017-05-08,21.7338637229
300223,北京君正,54.52,55.51,52.46,52.46,4542194.0,111940001.0,63.8604273045,2017-05-08,21.7316570806
002328,新朋股份,13.43,13.51,13.17,13.19,4545723.0,38215516.0,16.0533817981,2017-05-08,21.7087323588
000912,*ST天化,18.33,18.88,17.38,17.38,33187743.0,262573622.0,21.1499570936,2017-05-08,21.6913526673
002290,禾盛新材,48.18,48.46,45.37,46.31,2114828.0,37724741.0,56.3409863986,2017-05-08,21.6605191074
600249,两面针,37.35,37.48,35.83,35.92,9715437.0,79561609.0,43.7004575559,2017-05-08,21.660516581
002551,尚荣医疗,85.3,85.62,84.06,84.11,3040680.0,47756208.0,102.326963971,2017-05-08,21.6584995496
600555,九龙山,21.44,21.49,20.48,20.52,6042900.0,30197647.0,24.9583835848,2017-05-08,21.6295496337
300376,易事特,222.12,222.12,199.86,199.86,44476862.0,415343500.0,243.073575666,2017-05-08,21.6219231793
600302,标准股份,24.68,25.14,24.14,24.32,3018411.0,24805427.0,29.5728379273,2017-05-08,21.5988401617
600614,鼎立股份,1803.0,1803.0,1616.54,1644.84,29634400.0,300300067.0,1999.925164,2017-05-08,21.5878239827
000809,铁岭新城,11.97,12.03,11.63,11.69,8197670.0,33312507.0,14.2130004245,2017-05-08,21.5825528183
000536,华映科技,28.8,29.05,28.51,28.68,3197835.0,32600613.0,34.8687952128,2017-05-08,21.5787838663
002697,红旗连锁,42.42,42.92,41.65,41.65,9770473.0,58380636.0,50.6266198915,2017-05-08,21.5525087432
002381,双箭股份,47.34,47.53,44.99,45.48,2789013.0,26485314.0,55.2768843345,2017-05-08,21.5410825297
600448,华纺股份,11.06,11.11,10.71,10.84,4087984.0,24494470.0,13.1731268326,2017-05-08,21.5233102637
300105,龙源技术,41.27,41.68,40.5,41.27,4408011.0,30639025.0,50.1470026789,2017-05-08,21.5095776082
300311,任子行,73.43,76.26,71.72,72.6,5659979.0,85853224.0,88.2127700728,2017-05-08,21.5051929378
000524,岭南控股,60.63,60.63,58.24,58.24,2189671.0,28219225.0,70.7489670606,2017-05-08,21.4783088266
000983,西山煤电,47.79,47.79,46.68,46.8,32748766.0,250012933.0,56.8493895713,2017-05-08,21.4730546395
600248,延长化建,22.43,22.43,21.64,21.64,5173021.0,31311267.0,26.2840351192,2017-05-08,21.4604210683
600896,中海海盛,45.84,46.18,44.85,44.9,1710610.0,15739664.0,54.5226646293,2017-05-08,21.4313243414
002544,杰赛科技,145.01,145.13,139.21,141.4,2183586.0,49831133.0,171.703532119,2017-05-08,21.4310693909
000520,长航凤凰,45.41,45.7,44.83,45.12,7543661.0,47395085.0,54.7845365119,2017-05-08,21.4196287941
300153,科泰电源,59.94,61.13,59.31,59.6,1856481.0,26411153.0,72.3638758029,2017-05-08,21.4158989982
000048,康达尔,165.69,169.97,164.78,166.98,337988.0,9220903.0,202.707876875,2017-05-08,21.3965007038
300171,东富龙,99.21,101.32,98.46,99.3,3076428.0,36619296.0,120.543733759,2017-05-08,21.3934881763
600692,亚通股份,189.09,192.66,185.94,186.35,5880879.0,81600275.0,226.193971534,2017-05-08,21.3812565249
002481,双塔食品,127.02,127.02,122.46,123.56,9637514.0,65966074.0,149.97640586,2017-05-08,21.3794155552
000655,金岭矿业,43.93,44.75,43.05,43.11,6024200.0,45013946.0,52.3191424142,2017-05-08,21.3619633826
000738,中航动控,40.06,40.08,37.44,37.53,10270387.0,219503982.0,45.5422002645,2017-05-08,21.3487883413
300241,瑞丰光电,24.35,24.66,23.87,24.17,2994469.0,36221061.0,29.3234195481,2017-05-08,21.3215537778
600301,*ST南化,18.63,18.81,17.8,17.8,2493500.0,25301771.0,21.5952018416,2017-05-08,21.3213586607
300436,广生堂,86.53,87.04,84.79,84.81,350761.0,14902032.0,102.883115331,2017-05-08,21.3101230177
000851,高鸿股份,17.29,17.29,16.91,17.03,4994144.0,50186128.0,20.6515811707,2017-05-08,21.2658906091
600565,迪马股份,59.78,60.31,58.73,58.83,15367677.0,86506879.0,71.3355250771,2017-05-08,21.2570543551
000713,丰乐种业,31.44,31.48,30.56,30.7,2042124.0,17868582.0,37.2251398498,2017-05-08,21.254527198
002735,王子新材,38.62,39.66,38.43,38.52,1154100.0,44887900.0,46.6908172156,2017-05-08,21.2118826988
300016,北陆药业,71.15,72.3,70.04,70.04,2367024.0,35192896.0,84.8884374446,2017-05-08,21.1999392413
002106,莱宝高科,33.85,34.29,33.55,33.65,14114730.0,141000526.0,40.7757201774,2017-05-08,21.1759886401
300139,福星晓程,56.22,57.0,55.3,55.55,2481388.0,27043794.0,67.3093843413,2017-05-08,21.1690087152
600444,*ST国通,33.47,33.88,32.75,33.29,1411518.0,23606959.0,40.3251547537,2017-05-08,21.1329370793
002495,佳隆股份,46.41,46.7,45.93,46.02,3743235.0,17894042.0,55.7325493657,2017-05-08,21.1050616378
600416,湘电股份,47.55,48.13,44.15,44.22,17403827.0,231969229.0,53.5459042405,2017-05-08,21.0897879705
000005,世纪星源,57.76,57.97,55.72,55.92,5727177.0,31702329.0,67.7049316254,2017-05-08,21.0746273701
002229,鸿博股份,63.39,66.3,61.09,63.8,6648226.0,123707731.0,77.2264854026,2017-05-08,21.0446479664
600961,株冶集团,14.37,14.37,13.91,13.93,2689607.0,25176116.0,16.8609360371,2017-05-08,21.0404597065
002702,海欣食品,59.94,60.7,58.9,59.04,4020780.0,34517079.0,71.4524346272,2017-05-08,21.0237713876
300306,远方光电,73.17,74.57,71.24,72.1,1067306.0,18909046.0,87.2532735074,2017-05-08,21.0170228952
002414,高德红外,41.97,42.29,40.73,40.73,1785812.0,35068795.0,49.2824528648,2017-05-08,20.9979201198
300270,中威电子,80.16,80.76,78.89,79.09,1558120.0,18576762.0,95.6844241033,2017-05-08,20.9816969318
600060,海信电器,77.8,78.61,76.45,78.39,33795945.0,484818238.0,94.8274482778,2017-05-08,20.9688076002
000416,民生控股,86.38,86.38,82.82,83.4,3166000.0,27751649.0,100.872677319,2017-05-08,20.9504524214
300410,正业科技,89.3,90.47,87.89,88.34,817215.0,29093788.0,106.835728111,2017-05-08,20.9369799768
300034,钢研高纳,61.24,61.82,60.12,60.63,3352330.0,56456057.0,73.3238927896,2017-05-08,20.9366531249
002474,榕基软件,68.58,69.64,66.77,68.01,6017051.0,65906670.0,82.2372713652,2017-05-08,20.9193815104
600749,西藏旅游,56.22,56.22,54.72,54.94,1464163.0,25880416.0,66.4330256024,2017-05-08,20.9192311656
000691,亚太实业,24.34,24.66,23.16,23.2,2457300.0,18907257.0,28.0499993356,2017-05-08,20.9051695501
002357,富临运业,47.8,47.8,46.55,46.72,1787578.0,20305794.0,56.4835825116,2017-05-08,20.8980790059
000679,大连友谊,62.53,62.71,60.96,61.2,2473476.0,26190328.0,73.9827372993,2017-05-08,20.8868256524
002131,利欧股份,154.07,156.05,152.46,152.58,10635957.0,132364065.0,184.437005438,2017-05-08,20.8788867731
600287,江苏舜天,39.55,42.38,38.72,39.65,5640552.0,46725132.0,47.9260978924,2017-05-08,20.8728824525
600077,宋都股份,35.13,35.29,34.65,34.81,5183330.0,22407015.0,42.0686376523,2017-05-08,20.8521621727
600106,重庆路桥,32.55,32.75,31.14,31.19,13981385.0,88732896.0,37.682439824,2017-05-08,20.8157737222
002046,轴研科技,57.66,57.66,53.32,53.47,7179396.0,80627706.0,64.5995034422,2017-05-08,20.8144818443
300126,锐奇股份,34.72,35.3,34.37,34.49,2966400.0,26856792.0,41.6651232856,2017-05-08,20.8034887956
000908,景峰医药,24.4,24.43,23.8,23.86,2302916.0,19660859.0,28.8233168649,2017-05-08,20.8018309511
600601,方正科技,18056.3,18151.83,17721.92,17769.69,14196251.0,53302680.0,21462.8145746,2017-05-08,20.7832808261
300399,京天利,46.99,49.2,46.9,48.12,1911100.0,48644807.0,58.1140351479,2017-05-08,20.7689840979
000622,恒立实业,57.47,58.65,55.43,55.9,4957359.0,35859866.0,67.5067907691,2017-05-08,20.763489748
600737,中粮屯河,106.89,107.67,104.8,104.91,10251351.0,98555582.0,126.684911784,2017-05-08,20.7558019104
000037,深南电Ａ,57.52,57.52,54.12,54.23,2813100.0,26726601.0,65.4828700468,2017-05-08,20.7502674659
300246,宝莱特,99.05,101.09,98.05,99.16,1412194.0,37947813.0,119.733536674,2017-05-08,20.7478183481
000636,风华高科,145.96,146.83,143.02,143.37,7151865.0,59979303.0,173.099646959,2017-05-08,20.7363095199
002753,永东股份,37.53,37.67,36.78,36.78,719102.0,17799460.0,44.4042010277,2017-05-08,20.7292034467
603618,杭电股份,31.23,31.26,30.32,30.32,2577526.0,26116711.0,36.599568037,2017-05-08,20.7109763754
300099,尤洛卡,130.59,131.94,120.22,120.22,15189211.0,141778306.0,145.08996888,2017-05-08,20.6870478124
002506,协鑫集成,41.01,41.79,40.52,41.6,17891873.0,75696229.0,50.2044188803,2017-05-08,20.6836992315
000663,永安林业,51.26,51.26,49.31,49.35,1782407.0,21599667.0,59.5537333823,2017-05-08,20.6762581201
600866,星湖科技,83.03,83.03,79.97,80.41,5437175.0,30289331.0,97.0243973271,2017-05-08,20.662103379
000705,浙江震元,58.5,58.66,56.65,56.76,2321814.0,24687603.0,68.484088781,2017-05-08,20.6555475352
300132,青松股份,49.86,49.86,47.17,47.83,4630965.0,37596539.0,57.7085840919,2017-05-08,20.6535314487
600234,山水文化,36.22,36.43,34.29,34.29,1255400.0,18556044.0,41.3694955508,2017-05-08,20.6459479464
000038,深大通,64.5,69.77,63.93,66.65,1859633.0,64244194.0,80.4081768569,2017-05-08,20.6424258918
600207,安彩高科,12.61,12.61,12.26,12.29,1977415.0,15830942.0,14.8250847948,2017-05-08,20.6272155801
002256,彩虹精化,78.36,78.36,76.27,77.91,10175582.0,52806707.0,93.9787310329,2017-05-08,20.6247349928
300056,三维丝,83.09,85.84,83.09,83.93,3163874.0,44936261.0,101.220109715,2017-05-08,20.6006311391
600527,江南高纤,64.11,64.11,61.89,62.63,13248359.0,67519201.0,75.5311149022,2017-05-08,20.5989380524
002432,九安医疗,38.58,39.59,38.49,38.65,3245649.0,41339439.0,46.6103138058,2017-05-08,20.5958960047
002099,海翔药业,45.3,45.37,44.85,44.85,3110201.0,21647688.0,54.0865708024,2017-05-08,20.5943607635
600810,神马股份,24.5,24.75,24.01,24.04,3214752.0,25403328.0,28.9907741302,2017-05-08,20.593902372
000987,广州友谊,46.65,46.93,44.81,44.81,5120672.0,58330621.0,54.0348468942,2017-05-08,20.5865808841
300236,上海新阳,47.83,49.98,47.53,48.68,2799888.0,82391714.0,58.675980419,2017-05-08,20.5340600226
300231,银信科技,117.49,125.08,117.07,119.99,6227094.0,90096114.0,144.624338951,2017-05-08,20.5303266534
002731,萃华珠宝,23.84,23.96,23.16,23.17,434500.0,10154621.0,27.925771306,2017-05-08,20.5255559171
300047,天源迪科,43.1,44.32,42.91,43.42,5120780.0,69940435.0,52.3284436848,2017-05-08,20.5169131388
600468,百利电气,61.46,62.33,60.82,60.88,2426326.0,25837590.0,73.3685918033,2017-05-08,20.5134556559
002063,远光软件,58.79,59.28,58.08,58.19,4609392.0,49495365.0,70.1238239932,2017-05-08,20.5083759979
601801,皖新传媒,31.09,31.2,28.9,29.93,12112285.0,168861301.0,36.0674307465,2017-05-08,20.5059497042
300161,华中数控,31.78,32.13,31.32,31.59,1373700.0,28392675.0,38.0641179832,2017-05-08,20.4942006433
600272,开开实业,18.83,19.04,18.57,18.72,1244489.0,18821092.0,22.5540023976,2017-05-08,20.4807820383
600523,贵航股份,26.19,26.23,25.16,25.23,3735398.0,69140133.0,30.386124237,2017-05-08,20.43648132
300150,世纪瑞尔,38.6,38.96,37.08,37.08,5658785.0,47691861.0,44.6566842334,2017-05-08,20.4333447502
601999,出版传媒,9.53,9.65,9.33,9.34,1640629.0,15155689.0,11.2472339702,2017-05-08,20.4200639212
600889,南京化纤,48.39,48.66,47.12,47.21,2992347.0,31703104.0,56.8350615154,2017-05-08,20.3877600411
603366,日出东方,17.84,18.14,17.82,17.98,3482889.0,27359859.0,21.6384532377,2017-05-08,20.3473483741
000932,华菱钢铁,5.99,6.1,5.9,5.94,10221334.0,42281042.0,7.14674180741,2017-05-08,20.3155186433
600570,恒生电子,521.25,538.1,518.19,531.69,12211078.0,467331047.0,639.704002966,2017-05-08,20.3152218335
601177,杭齿前进,9.19,9.26,9.02,9.03,2290159.0,20757532.0,10.8644251997,2017-05-08,20.3147862646
600861,北京城乡,31.0,31.17,29.34,29.46,3620600.0,46263636.0,35.4406783103,2017-05-08,20.3010125943
300178,腾邦国际,61.05,63.22,60.69,61.96,3617527.0,49841392.0,74.5291568384,2017-05-08,20.2859213015
600695,绿庭投资,18.48,18.48,17.1,17.38,1233669.0,9650674.0,20.9054451859,2017-05-08,20.2844947404
002491,通鼎互联,51.87,54.31,51.83,52.7,5248064.0,67394348.0,63.3740681633,2017-05-08,20.2543987919
300286,安科瑞,94.09,94.69,92.33,92.33,734774.0,15949909.0,111.01469328,2017-05-08,20.2368604788
002559,亚威股份,49.0,49.08,48.09,48.09,2020995.0,22652119.0,57.8210082314,2017-05-08,20.2349932032
002556,辉隆股份,40.13,40.64,39.87,39.87,4512119.0,35539851.0,47.9350180476,2017-05-08,20.2282870518
300398,飞凯材料,86.17,87.04,77.87,77.87,9654970.0,172851469.0,93.6206969101,2017-05-08,20.2269126879
601099,太平洋,11.35,11.49,11.23,11.46,70988381.0,283967178.0,13.7774097111,2017-05-08,20.2217252276
002688,金河生物,46.14,46.41,43.9,44.31,3622550.0,31497831.0,53.259540186,2017-05-08,20.1975630466
002123,荣信股份,90.72,90.72,89.12,89.63,3545953.0,43888878.0,107.729751453,2017-05-08,20.1938541254
002397,梦洁家纺,82.31,82.89,80.33,80.44,3009597.0,21031641.0,96.6626238649,2017-05-08,20.1673593546
300459,浙江金科,83.72,84.85,82.74,82.82,7644300.0,85124206.0,99.5022533116,2017-05-08,20.1427835204
002089,新 海 宜,98.52,100.83,98.04,98.12,2042568.0,25424225.0,117.883388549,2017-05-08,20.1420592628
300272,开能环保,36.19,36.9,35.56,35.56,1459332.0,16856108.0,42.7215669121,2017-05-08,20.1393895165
601699,潞安环能,38.38,38.71,38.01,38.17,22909575.0,163166105.0,45.8462649654,2017-05-08,20.1107282301
600088,中视传媒,49.46,50.1,49.17,49.38,933937.0,16032505.0,59.3070800939,2017-05-08,20.1034428794
002336,人人乐,11.08,11.2,10.82,10.91,1808488.0,18465327.0,13.101888555,2017-05-08,20.0906375341
002674,兴业科技,15.04,15.04,14.46,14.59,1435954.0,20079947.0,17.5201602497,2017-05-08,20.0833464681
600052,浙江广厦,20.49,20.71,18.73,20.34,5662585.0,30435271.0,24.4171184852,2017-05-08,20.0448303109
600962,*ST中鲁,26.61,26.78,25.91,26.08,2148794.0,30679810.0,31.3064177627,2017-05-08,20.0399454092
000768,中航飞机,174.34,174.43,159.76,159.93,56691003.0,1131328495.0,191.971948847,2017-05-08,20.0349833344
300439,美康生物,70.14,70.98,69.38,70.32,945052.0,22089976.0,84.4022716804,2017-05-08,20.0259836184
600378,天科股份,41.29,42.58,40.68,42.05,1485476.0,17368687.0,50.4615687438,2017-05-08,20.003730663
